{
  "MyResourceResponse": {
    "myBalance": 68880665.26300484,
    "myIncomeRank": 76966196,
    "mySaleRank": 98252096,
    "myTeamCount": 62203116,
    "myTotalIncome": -10771635.569124699
  }
}